period_start_date,NROU,realtime_start_date,realtime_end_date
1949-01-01,5.2550526,2025-06-05,
1949-04-01,5.2615156,2025-06-05,
1949-07-01,5.2680130,2025-06-05,
1949-10-01,5.2745640,2025-06-05,
1950-01-01,5.2811820,2025-06-05,
1950-04-01,5.2878660,2025-06-05,
1950-07-01,5.2946040,2025-06-05,
1950-10-01,5.3013670,2025-06-05,
1951-01-01,5.3081130,2025-06-05,
1951-04-01,5.3147890,2025-06-05,
1951-07-01,5.3213334,2025-06-05,
1951-10-01,5.3276825,2025-06-05,
1952-01-01,5.3337740,2025-06-05,
1952-04-01,5.3395550,2025-06-05,
1952-07-01,5.3449855,2025-06-05,
1952-10-01,5.3500404,2025-06-05,
1953-01-01,5.3547130,2025-06-05,
1953-04-01,5.3590117,2025-06-05,
1953-07-01,5.3629580,2025-06-05,
1953-10-01,5.3665824,2025-06-05,
1954-01-01,5.3699220,2025-06-05,
1954-04-01,5.3730145,2025-06-05,
1954-07-01,5.3759020,2025-06-05,
1954-10-01,5.3786240,2025-06-05,
1955-01-01,5.3812200,2025-06-05,
1955-04-01,5.3837250,2025-06-05,
1955-07-01,5.3861710,2025-06-05,
1955-10-01,5.3885860,2025-06-05,
1956-01-01,5.3909965,2025-06-05,
1956-04-01,5.3934300,2025-06-05,
1956-07-01,5.3959170,2025-06-05,
1956-10-01,5.3984930,2025-06-05,
1957-01-01,5.4011984,2025-06-05,
1957-04-01,5.4040804,2025-06-05,
1957-07-01,5.4071846,2025-06-05,
1957-10-01,5.4105580,2025-06-05,
1958-01-01,5.4142404,2025-06-05,
1958-04-01,5.4182660,2025-06-05,
1958-07-01,5.4226584,2025-06-05,
1958-10-01,5.4274290,2025-06-05,
1959-01-01,5.4325767,2025-06-05,
1959-04-01,5.4380856,2025-06-05,
1959-07-01,5.4439270,2025-06-05,
1959-10-01,5.4500640,2025-06-05,
1960-01-01,5.4564524,2025-06-05,
1960-04-01,5.4630510,2025-06-05,
1960-07-01,5.4698296,2025-06-05,
1960-10-01,5.4767700,2025-06-05,
1961-01-01,5.4838750,2025-06-05,
1961-04-01,5.4911650,2025-06-05,
1961-07-01,5.4986753,2025-06-05,
1961-10-01,5.5064554,2025-06-05,
1962-01-01,5.5145590,2025-06-05,
1962-04-01,5.5230420,2025-06-05,
1962-07-01,5.5319505,2025-06-05,
1962-10-01,5.5413240,2025-06-05,
1963-01-01,5.5511880,2025-06-05,
1963-04-01,5.5615520,2025-06-05,
1963-07-01,5.5724110,2025-06-05,
1963-10-01,5.5837474,2025-06-05,
1964-01-01,5.5955276,2025-06-05,
1964-04-01,5.6077060,2025-06-05,
1964-07-01,5.6202226,2025-06-05,
1964-10-01,5.6330070,2025-06-05,
1965-01-01,5.6459770,2025-06-05,
1965-04-01,5.6590440,2025-06-05,
1965-07-01,5.6721160,2025-06-05,
1965-10-01,5.6851050,2025-06-05,
1966-01-01,5.6979300,2025-06-05,
1966-04-01,5.7105290,2025-06-05,
1966-07-01,5.7228610,2025-06-05,
1966-10-01,5.7349150,2025-06-05,
1967-01-01,5.7467040,2025-06-05,
1967-04-01,5.7582700,2025-06-05,
1967-07-01,5.7696720,2025-06-05,
1967-10-01,5.7809840,2025-06-05,
1968-01-01,5.7922860,2025-06-05,
1968-04-01,5.8036585,2025-06-05,
1968-07-01,5.8151755,2025-06-05,
1968-10-01,5.8269050,2025-06-05,
1969-01-01,5.8389010,2025-06-05,
1969-04-01,5.8512096,2025-06-05,
1969-07-01,5.8638640,2025-06-05,
1969-10-01,5.8768880,2025-06-05,
1970-01-01,5.8902984,2025-06-05,
1970-04-01,5.9041000,2025-06-05,
1970-07-01,5.9182920,2025-06-05,
1970-10-01,5.9328610,2025-06-05,
1971-01-01,5.9477820,2025-06-05,
1971-04-01,5.9630160,2025-06-05,
1971-07-01,5.9785056,2025-06-05,
1971-10-01,5.9941770,2025-06-05,
1972-01-01,6.0099400,2025-06-05,
1972-04-01,6.0256906,2025-06-05,
1972-07-01,6.0413170,2025-06-05,
1972-10-01,6.0567060,2025-06-05,
1973-01-01,6.0717454,2025-06-05,
1973-04-01,6.0863350,2025-06-05,
1973-07-01,6.1003866,2025-06-05,
1973-10-01,6.1138306,2025-06-05,
1974-01-01,6.1266165,2025-06-05,
1974-04-01,6.1387150,2025-06-05,
1974-07-01,6.1501145,2025-06-05,
1974-10-01,6.1608195,2025-06-05,
1975-01-01,6.1708440,2025-06-05,
1975-04-01,6.1802090,2025-06-05,
1975-07-01,6.1889340,2025-06-05,
1975-10-01,6.1970325,2025-06-05,
1976-01-01,6.2045090,2025-06-05,
1976-04-01,6.2113580,2025-06-05,
1976-07-01,6.2175630,2025-06-05,
1976-10-01,6.2230990,2025-06-05,
1977-01-01,6.2279310,2025-06-05,
1977-04-01,6.2320166,2025-06-05,
1977-07-01,6.2353090,2025-06-05,
1977-10-01,6.2377570,2025-06-05,
1978-01-01,6.2393110,2025-06-05,
1978-04-01,6.2399270,2025-06-05,
1978-07-01,6.2395744,2025-06-05,
1978-10-01,6.2382345,2025-06-05,
1979-01-01,6.2359095,2025-06-05,
1979-04-01,6.2326170,2025-06-05,
1979-07-01,6.2283936,2025-06-05,
1979-10-01,6.2232900,2025-06-05,
1980-01-01,6.2163867,2025-06-05,
1980-04-01,6.2096391,2025-06-05,
1980-07-01,6.2022954,2025-06-05,
1980-10-01,6.1944592,2025-06-05,
1981-01-01,6.1861992,2025-06-05,
1981-04-01,6.1775838,2025-06-05,
1981-07-01,6.1686827,2025-06-05,
1981-10-01,6.1595708,2025-06-05,
1982-01-01,6.1503177,2025-06-05,
1982-04-01,6.1409856,2025-06-05,
1982-07-01,6.1316265,2025-06-05,
1982-10-01,6.1222801,2025-06-05,
1983-01-01,6.1129721,2025-06-05,
1983-04-01,6.1037137,2025-06-05,
1983-07-01,6.0945007,2025-06-05,
1983-10-01,6.0853151,2025-06-05,
1984-01-01,6.0761269,2025-06-05,
1984-04-01,6.0668975,2025-06-05,
1984-07-01,6.0575832,2025-06-05,
1984-10-01,6.0481033,2025-06-05,
1985-01-01,6.0382556,2025-06-05,
1985-04-01,6.0276299,2025-06-05,
1985-07-01,6.0156425,2025-06-05,
1985-10-01,6.0017967,2025-06-05,
1986-01-01,5.9864528,2025-06-05,
1986-04-01,5.9706791,2025-06-05,
1986-07-01,5.9547099,2025-06-05,
1986-10-01,5.9387381,2025-06-05,
1987-01-01,5.9228844,2025-06-05,
1987-04-01,5.9072110,2025-06-05,
1987-07-01,5.8917414,2025-06-05,
1987-10-01,5.8764748,2025-06-05,
1988-01-01,5.8613925,2025-06-05,
1988-04-01,5.8464628,2025-06-05,
1988-07-01,5.8316445,2025-06-05,
1988-10-01,5.8168900,2025-06-05,
1989-01-01,5.8021472,2025-06-05,
1989-04-01,5.7873619,2025-06-05,
1989-07-01,5.7724789,2025-06-05,
1989-10-01,5.7574445,2025-06-05,
1990-01-01,5.7422073,2025-06-05,
1990-04-01,5.7267202,2025-06-05,
1990-07-01,5.7109410,2025-06-05,
1990-10-01,5.6948342,2025-06-05,
1991-01-01,5.6783714,2025-06-05,
1991-04-01,5.6615323,2025-06-05,
1991-07-01,5.6443053,2025-06-05,
1991-10-01,5.6266877,2025-06-05,
1992-01-01,5.6086859,2025-06-05,
1992-04-01,5.5903155,2025-06-05,
1992-07-01,5.5716009,2025-06-05,
1992-10-01,5.5525749,2025-06-05,
1993-01-01,5.5338671,2025-06-05,
1993-04-01,5.5142449,2025-06-05,
1993-07-01,5.4944403,2025-06-05,
1993-10-01,5.4745145,2025-06-05,
1994-01-01,5.4545330,2025-06-05,
1994-04-01,5.4345643,2025-06-05,
1994-07-01,5.4146787,2025-06-05,
1994-10-01,5.3949467,2025-06-05,
1995-01-01,5.3754383,2025-06-05,
1995-04-01,5.3562214,2025-06-05,
1995-07-01,5.3373605,2025-06-05,
1995-10-01,5.3189163,2025-06-05,
1996-01-01,5.3009440,2025-06-05,
1996-04-01,5.2834930,2025-06-05,
1996-07-01,5.2666062,2025-06-05,
1996-10-01,5.2503195,2025-06-05,
1997-01-01,5.2346613,2025-06-05,
1997-04-01,5.2196528,2025-06-05,
1997-07-01,5.2053074,2025-06-05,
1997-10-01,5.1916316,2025-06-05,
1998-01-01,5.1786250,2025-06-05,
1998-04-01,5.1662809,2025-06-05,
1998-07-01,5.1545867,2025-06-05,
1998-10-01,5.1435251,2025-06-05,
1999-01-01,5.1330744,2025-06-05,
1999-04-01,5.1232100,2025-06-05,
1999-07-01,5.1139046,2025-06-05,
1999-10-01,5.1051297,2025-06-05,
2000-01-01,5.0968565,2025-06-05,
2000-04-01,5.0890562,2025-06-05,
2000-07-01,5.0817017,2025-06-05,
2000-10-01,5.0747673,2025-06-05,
2001-01-01,5.0682305,2025-06-05,
2001-04-01,5.0620713,2025-06-05,
2001-07-01,5.0562735,2025-06-05,
2001-10-01,5.0508244,2025-06-05,
2002-01-01,5.0457150,2025-06-05,
2002-04-01,5.0409401,2025-06-05,
2002-07-01,5.0364976,2025-06-05,
2002-10-01,5.0323887,2025-06-05,
2003-01-01,5.0286168,2025-06-05,
2003-04-01,5.0251873,2025-06-05,
2003-07-01,5.0221066,2025-06-05,
2003-10-01,5.0193813,2025-06-05,
2004-01-01,5.0170174,2025-06-05,
2004-04-01,5.0150192,2025-06-05,
2004-07-01,5.0133885,2025-06-05,
2004-10-01,5.0121235,2025-06-05,
2005-01-01,5.0112181,2025-06-05,
2005-04-01,5.0106607,2025-06-05,
2005-07-01,5.0104341,2025-06-05,
2005-10-01,5.0105141,2025-06-05,
2006-01-01,5.0108695,2025-06-05,
2006-04-01,5.0114618,2025-06-05,
2006-07-01,5.0122445,2025-06-05,
2006-10-01,5.0131639,2025-06-05,
2007-01-01,5.0141585,2025-06-05,
2007-04-01,5.0151600,2025-06-05,
2007-07-01,5.0160934,2025-06-05,
2007-10-01,5.0168783,2025-06-05,
2008-01-01,5.0174292,2025-06-05,
2008-04-01,5.0176572,2025-06-05,
2008-07-01,5.0174706,2025-06-05,
2008-10-01,5.0167768,2025-06-05,
2009-01-01,5.0154836,2025-06-05,
2009-04-01,5.0135004,2025-06-05,
2009-07-01,5.0107402,2025-06-05,
2009-10-01,5.0071208,2025-06-05,
2010-01-01,5.0025665,2025-06-05,
2010-04-01,4.9970094,2025-06-05,
2010-07-01,4.9903912,2025-06-05,
2010-10-01,4.9826638,2025-06-05,
2011-01-01,4.9737912,2025-06-05,
2011-04-01,4.9637495,2025-06-05,
2011-07-01,4.9525287,2025-06-05,
2011-10-01,4.9401325,2025-06-05,
2012-01-01,4.9265787,2025-06-05,
2012-04-01,4.9118996,2025-06-05,
2012-07-01,4.8961417,2025-06-05,
2012-10-01,4.8793650,2025-06-05,
2013-01-01,4.8616427,2025-06-05,
2013-04-01,4.8430603,2025-06-05,
2013-07-01,4.8237143,2025-06-05,
2013-10-01,4.8037110,2025-06-05,
2014-01-01,4.7831652,2025-06-05,
2014-04-01,4.7621983,2025-06-05,
2014-07-01,4.7409366,2025-06-05,
2014-10-01,4.7195097,2025-06-05,
2015-01-01,4.6980484,2025-06-05,
2015-04-01,4.6766827,2025-06-05,
2015-07-01,4.6555400,2025-06-05,
2015-10-01,4.6347434,2025-06-05,
2016-01-01,4.6144094,2025-06-05,
2016-04-01,4.5946470,2025-06-05,
2016-07-01,4.5755552,2025-06-05,
2016-10-01,4.5572223,2025-06-05,
2017-01-01,4.5397248,2025-06-05,
2017-04-01,4.5231257,2025-06-05,
2017-07-01,4.5074746,2025-06-05,
2017-10-01,4.4928065,2025-06-05,
2018-01-01,4.4791420,2025-06-05,
2018-04-01,4.4664872,2025-06-05,
2018-07-01,4.4548338,2025-06-05,
2018-10-01,4.4441595,2025-06-05,
2019-01-01,4.4344290,2025-06-05,
2019-04-01,4.4255949,2025-06-05,
2019-07-01,4.4175984,2025-06-05,
2019-10-01,4.4103710,2025-06-05,
2020-01-01,4.4038358,2025-06-05,
2020-04-01,4.3979089,2025-06-05,
2020-07-01,4.3925012,2025-06-05,
2020-10-01,4.3875200,2025-06-05,
2021-01-01,4.3863704,2025-06-05,
2021-04-01,4.3809978,2025-06-05,
2021-07-01,4.3758624,2025-06-05,
2021-10-01,4.3709672,2025-06-05,
2022-01-01,4.3663200,2025-06-05,
2022-04-01,4.3619058,2025-06-05,
2022-07-01,4.3576032,2025-06-05,
2022-10-01,4.3532706,2025-06-05,
2023-01-01,4.3487750,2025-06-05,
2023-04-01,4.3440027,2025-06-05,
2023-07-01,4.3388901,2025-06-05,
2023-10-01,4.3333937,2025-06-05,
2024-01-01,4.3274797,2025-06-05,
2024-04-01,4.3211205,2025-06-05,
2024-07-01,4.3225544,2025-06-05,
2024-10-01,4.3216730,2025-06-05,
2025-01-01,4.3202482,2025-06-05,
2025-04-01,4.3182275,2025-06-05,
2025-07-01,4.3156080,2025-06-05,
2025-10-01,4.3124060,2025-06-05,
2026-01-01,4.3086577,2025-06-05,
2026-04-01,4.3044341,2025-06-05,
2026-07-01,4.2997631,2025-06-05,
2026-10-01,4.2946645,2025-06-05,
2027-01-01,4.2891854,2025-06-05,
2027-04-01,4.2834353,2025-06-05,
2027-07-01,4.2774561,2025-06-05,
2027-10-01,4.2712706,2025-06-05,
2028-01-01,4.2649320,2025-06-05,
2028-04-01,4.2585676,2025-06-05,
2028-07-01,4.2521905,2025-06-05,
2028-10-01,4.2457778,2025-06-05,
2029-01-01,4.2393345,2025-06-05,
2029-04-01,4.2329560,2025-06-05,
2029-07-01,4.2266636,2025-06-05,
2029-10-01,4.2204485,2025-06-05,
2030-01-01,4.2143253,2025-06-05,
2030-04-01,4.2083874,2025-06-05,
2030-07-01,4.2026332,2025-06-05,
2030-10-01,4.1970264,2025-06-05,
2031-01-01,4.1915508,2025-06-05,
2031-04-01,4.1862637,2025-06-05,
2031-07-01,4.1811559,2025-06-05,
2031-10-01,4.1761928,2025-06-05,
2032-01-01,4.1713588,2025-06-05,
2032-04-01,4.1666982,2025-06-05,
2032-07-01,4.1621772,2025-06-05,
2032-10-01,4.1577365,2025-06-05,
2033-01-01,4.1533361,2025-06-05,
2033-04-01,4.1489967,2025-06-05,
2033-07-01,4.1446937,2025-06-05,
2033-10-01,4.1403873,2025-06-05,
2034-01-01,4.1360566,2025-06-05,
2034-04-01,4.1317405,2025-06-05,
2034-07-01,4.1274428,2025-06-05,
2034-10-01,4.1231545,2025-06-05,
2035-01-01,4.1188843,2025-06-05,
2035-04-01,4.1146788,2025-06-05,
2035-07-01,4.1105147,2025-06-05,
2035-10-01,4.1063490,2025-06-05,
